x,mu,sigma,f_exact
0.0,0.9991610307713472,0.0026157923356801057,1.0
0.001001001001001001,0.9991828274987427,0.002590330938575566,0.9999994989983725
0.002002002002002002,0.999203550844129,0.002565087738088173,0.9999979959919839
0.003003003003003003,0.9992231999051171,0.002540062798161075,0.9999954909763163
0.004004004004004004,0.9992417737824724,0.0025152561891446166,0.9999919839438394
0.005005005005005005,0.9992592715790636,0.002490667987811396,0.9999874748840106
0.006006006006006006,0.9992756923994364,0.00246629827749873,0.9999819637832754
0.007007007007007007,0.9992910353502111,0.0024421471478190578,0.999975450625066
0.008008008008008008,0.9993052995404241,0.0024182146946885416,0.9999679353898022
0.009009009009009009,0.999318484080618,0.0023945010200705553,0.9999594180548906
0.01001001001001001,0.9993305880837795,0.0023710062317888045,0.9999498985947244
0.011011011011011011,0.9993416106650272,0.002347730443959233,0.9999393769806825
0.012012012012012012,0.9993515509409576,0.0023246737758871637,0.9999278531811299
0.013013013013013013,0.9993604080310945,0.0023018363526019847,0.9999153271614167
0.014014014014014014,0.9993681810564112,0.002279218304344486,0.9999017988838779
0.015015015015015015,0.9993748691398423,0.002256819766580989,0.9998872683078323
0.016016016016016016,0.9993804714070507,0.002234640879389531,0.9998717353895822
0.017017017017017015,0.9993849869851203,0.0022126817876797125,0.9998552000824132
0.018018018018018018,0.9993884150042334,0.0021909426403037896,0.9998376623365927
0.01901901901901902,0.9993907545952538,0.0021694235905915208,0.9998191220993696
0.02002002002002002,0.9993920048920586,0.0021481247949725487,0.9997995793149735
0.02102102102102102,0.9993921650309971,0.0021270464133888445,0.9997790339246136
0.022022022022022022,0.9993912341490727,0.0021061886089623464,0.9997574858664783
0.023023023023023025,0.999389211387097,0.002085551546785431,0.9997349350757336
0.024024024024024024,0.9993860958867629,0.002065135394408499,0.9997113814845229
0.025025025025025023,0.9993818867927757,0.0020449403208058327,0.999686825021965
0.026026026026026026,0.9993765832514043,0.002024966495796935,0.9996612656141542
0.02702702702702703,0.9993701844106795,0.0020052140902339925,0.9996347031841584
0.028028028028028028,0.9993626894220711,0.0019856832746612766,0.9996071376520178
0.029029029029029027,0.9993540974383563,0.0019663742187688064,0.9995785689347445
0.03003003003003003,0.9993444076141316,0.0019472870912988723,0.9995489969463205
0.031031031031031032,0.9993336191067783,0.0019284220591136085,0.9995184215976968
0.03203203203203203,0.9993217310756108,0.00190977928620946,0.9994868427967919
0.03303303303303303,0.999308742681734,0.001891358933264221,0.9994542604484903
0.03403403403403403,0.9992946530892937,0.0018731611566588353,0.9994206744546413
0.035035035035035036,0.9992794614644254,0.0018551861079568377,0.9993860847140578
0.036036036036036036,0.9992631669740888,0.001837433933028972,0.9993504911225138
0.037037037037037035,0.9992457687892795,0.0018199047706174071,0.9993138935727438
0.03803803803803804,0.9992272660818742,0.0018025987516591525,0.9992762919544408
0.03903903903903904,0.99920765802716,0.0017855159990502376,0.9992376861542545
0.04004004004004004,0.9991869438012202,0.001768656625151285,0.9991980760557899
0.04104104104104104,0.9991651225835767,0.0017520207321128818,0.9991574615396052
0.04204204204204204,0.9991421935548601,0.0017356084102886778,0.9991158424832103
0.043043043043043044,0.9991181558982021,0.001719419736449552,0.9990732187610649
0.044044044044044044,0.9990930088000027,0.0017034547735173167,0.9990295902445765
0.04504504504504504,0.9990667514474865,0.0016877135689290573,0.9989849568020981
0.04604604604604605,0.999039383031203,0.0016721961532701354,0.9989393182989272
0.04704704704704705,0.9990109027430378,0.0016569025392313772,0.9988926745973027
0.04804804804804805,0.9989813097776619,0.0016418327201375548,0.9988450255564035
0.04904904904904905,0.9989506033312807,0.0016269866684663454,0.9987963710323461
0.050050050050050046,0.998918782603738,0.0016123643347401573,0.9987467108781823
0.05105105105105105,0.9988858467954174,0.0015979656456028349,0.9986960449438973
0.05205205205205205,0.9988517951109372,0.001583790502820961,0.9986443730764073
0.05305305305305305,0.9988166267543477,0.0015698387815756636,0.9985916951195568
0.05405405405405406,0.9987803409353262,0.0015561103288602174,0.9985380109141171
0.055055055055055056,0.9987429368626977,0.0015426049622469416,0.9984833202977829
0.056056056056056056,0.9987044137496923,0.0015293224678165293,0.9984276231051704
0.057057057057057055,0.9986647708117857,0.001516262599143352,0.998370919167815
0.058058058058058054,0.9986240072646524,0.0015034250753384452,0.9983132083141679
0.05905905905905906,0.9985821223285143,0.0014908095792144224,0.9982544903695943
0.06006006006006006,0.9985391152250997,0.001478415756599198,0.9981947651563706
0.06106106106106106,0.9984949851773877,0.0014662432138799546,0.9981340324936814
0.062062062062062065,0.9984497314124212,0.0014542915168073978,0.9980722921976167
0.06306306306306306,0.9984033531590626,0.0014425601884076845,0.9980095440811697
0.06406406406406406,0.9983558496475382,0.0014310487083214335,0.9979457879542333
0.06506506506506507,0.9983072201108314,0.0014197565106449461,0.9978810236235975
0.06606606606606606,0.9982574637849666,0.0014086829822813594,0.9978152508929466
0.06706706706706707,0.998206579907503,0.001397827462431598,0.9977484695628561
0.06806806806806806,0.9981545677176769,0.0013871892391692836,0.9976806794307891
0.06906906906906907,0.9981014264596979,0.0013767675508486806,0.997611880291094
0.07007007007007007,0.9980471553764119,0.001366561582737914,0.9975420719350014
0.07107107107107107,0.9979917537161214,0.0013565704658275736,0.99747125415062
0.07207207207207207,0.9979352207282375,0.0013467932765340407,0.9973994267229344
0.07307307307307308,0.9978775556638766,0.0013372290357676557,0.9973265894338009
0.07407407407407407,0.9978187577775657,0.001327876705996342,0.9972527420619451
0.07507507507507508,0.9977588263256507,0.0013187351923969843,0.997177884382958
0.07607607607607608,0.9976977605669504,0.0013098033415170126,0.9971020161692921
0.07707707707707707,0.9976355597626423,0.0013010799388597056,0.9970251371902588
0.07807807807807808,0.9975722231764621,0.001292563710929338,0.9969472472120245
0.07907907907907907,0.9975077500744476,0.0012842533224782262,0.996868345997607
0.08008008008008008,0.9974421397240576,0.001276147376824133,0.9967884333068717
0.08108108108108109,0.997375391396929,0.0012682444162276012,0.9967075088965284
0.08208208208208208,0.9973075043658071,0.0012605429200824006,0.9966255725201267
0.08308308308308308,0.9972384779060803,0.0012530413063613253,0.9965426239280533
0.08408408408408408,0.99716831129561,0.0012457379308397037,0.9964586628675274
0.08508508508508508,0.9970970038146163,0.00123863108762988,0.996373689082597
0.08608608608608609,0.9970245547454795,0.001231719009861036,0.9962877023141352
0.08708708708708708,0.996950963373763,0.0012249998686018942,0.9962007022998358
0.08808808808808809,0.9968762289863662,0.0012184717750119737,0.9961126887742096
0.0890890890890891,0.9968003508736274,0.001212132781718237,0.9960236614685799
0.09009009009009009,0.9967233283277608,0.001205980880387108,0.9959336201110792
0.09109109109109109,0.9966451606429416,0.0012000140069162665,0.995842564426644
0.0920920920920921,0.9965658471170968,0.0011942300392625569,0.995750494137011
0.09309309309309309,0.9964853870491197,0.0011886268007659663,0.9956574089607131
0.0940940940940941,0.9964037797413141,0.0011832020607514745,0.9955633086130745
0.09509509509509509,0.996321024497945,0.0011779535350900558,0.9954681928062066
0.0960960960960961,0.9962371206264038,0.0011728788905457353,0.9953720612490035
0.0970970970970971,0.9961520674350481,0.00116797574384169,0.9952749136471375
0.0980980980980981,0.9960658642366411,0.0011632416640108786,0.9951767497030545
0.0990990990990991,0.9959785103445142,0.0011586741759652102,0.9950775691159695
0.10010010010010009,0.995890005075438,0.0011542707616981806,0.9949773715818616
0.1011011011011011,0.995800347749821,0.0011500288611213363,0.9948761567934699
0.1021021021021021,0.9957095376882705,0.0011459458761516345,0.994773924440288
0.1031031031031031,0.9956175742144353,0.0011420191722892247,0.9946706742085598
0.1041041041041041,0.9955244566554029,0.0011382460813189185,0.994566405781274
0.10510510510510511,0.9954301843406483,0.0011346239033916661,0.9944611188381599
0.1061061061061061,0.9953347566008972,0.0011311499093947038,0.9943548130556817
0.10710710710710711,0.9952381727708826,0.0011278213442477193,0.994247488107034
0.10810810810810811,0.9951404321869006,0.001124635428518368,0.9941391436621363
0.1091091091091091,0.9950415341871803,0.0011215893622734938,0.994029779387628
0.11011011011011011,0.994941478114356,0.0011186803270817173,0.9939193949468635
0.1111111111111111,0.9948402633116871,0.001115905487217742,0.9938079899999065
0.11211211211211211,0.9947378891265828,0.0011132619952341361,0.9936955642035247
0.11311311311311312,0.9946343549068786,0.0011107469926196465,0.9935821172111845
0.11411411411411411,0.9945296600048152,0.0011083576124167752,0.993467648673046
0.11511511511511512,0.9944238037746231,0.001106090983773942,0.993352158235957
0.11611611611611611,0.9943167855724084,0.0011039442304060945,0.9932356455434473
0.11711711711711711,0.9942086047576595,0.0011019144780881492,0.9931181102357239
0.11811811811811812,0.9940992606918542,0.0010999988541363723,0.9929995519496644
0.11911911911911911,0.9939887527395683,0.001098194490647803,0.992879970318812
0.12012012012012012,0.9938770802668841,0.0010964985265783458,0.9927593649733695
0.12112112112112113,0.9937642426437776,0.001094908110567883,0.9926377355401933
0.12212212212212212,0.9936502392417879,0.0010934204032466528,0.9925150816427877
0.12312312312312312,0.9935350694346994,0.0010920325783526507,0.9923914029012989
0.12412412412412413,0.9934187326007304,0.0010907418268200104,0.9922666989325093
0.12512512512512514,0.9933012281181846,0.0010895453567783574,0.9921409693498308
0.12612612612612611,0.9931825553700264,0.0010884403970781449,0.9920142137632991
0.12712712712712712,0.9930627137404997,0.0010874241985981237,0.9918864317795678
0.12812812812812813,0.9929417026167471,0.0010864940358719303,0.9917576230019016
0.12912912912912913,0.9928195213888671,0.0010856472087796098,0.9916277870301703
0.13013013013013014,0.9926961694493457,0.001084881044866635,0.9914969234608423
0.13113113113113112,0.9925716461926015,0.0010841929005007058,0.9913650318869786
0.13213213213213212,0.9924459510166628,0.0010835801617314293,0.9912321118982258
0.13313313313313313,0.992319083320865,0.001083040246954024,0.9910981630808098
0.13413413413413414,0.9921910425091482,0.0010825706068714042,0.9909631850175293
0.13513513513513514,0.9920618279865607,0.0010821687271839954,0.9908271772877492
0.13613613613613612,0.9919314391606235,0.001081832127345358,0.9906901394673934
0.13713713713713713,0.9917998754420125,0.001081558365384403,0.9905520711289387
0.13813813813813813,0.9916671362438763,0.00108134503427896,0.9904129718414075
0.13913913913913914,0.9915332209824328,0.0010811897658370099,0.9902728411703612
0.14014014014014015,0.9913981290758329,0.0010810902315197815,0.9901316786778928
0.14114114114114115,0.9912618599447569,0.0010810441414882005,0.9899894839226205
0.14214214214214213,0.9911244130136367,0.001081049247009787,0.9898462564596803
0.14314314314314314,0.9909857877082118,0.001081103338783393,0.9897019958407185
0.14414414414414414,0.9908459834577172,0.001081204249759186,0.9895567016138854
0.14514514514514515,0.9907049996932642,0.0010813498548564455,0.989410373323827
0.14614614614614616,0.990562835850028,0.0010815380696364305,0.9892630105116785
0.14714714714714713,0.9904194913641504,0.0010817668533744133,0.9891146127150563
0.14814814814814814,0.9902749656749563,0.0010820342064204785,0.9889651794680511
0.14914914914914915,0.9901292582249539,0.0010823381734519513,0.9888147103012196
0.15015015015015015,0.989982368459664,0.0010826768402012925,0.988663204741578
0.15115115115115116,0.9898342958254034,0.0010830483363867868,0.9885106623125933
0.15215215215215216,0.9896850397732635,0.0010834508338189608,0.9883570825341762
0.15315315315315314,0.9895345997554728,0.001083882547532917,0.988202464922673
0.15415415415415415,0.9893829752278975,0.0010843417345147131,0.9880468089908582
0.15515515515515516,0.9892301656486211,0.0010848266951993988,0.9878901142479257
0.15615615615615616,0.9890761704789384,0.0010853357710855838,0.9877323801994821
0.15715715715715717,0.9889209891818211,0.0010858673469165386,0.9875736063475373
0.15815815815815815,0.9887646212238508,0.0010864198484220498,0.9874137921904975
0.15915915915915915,0.9886070660735982,0.0010869917430947138,0.9872529372231563
0.16016016016016016,0.9884483232033006,0.0010875815396026048,0.9870910409366868
0.16116116116116116,0.9882883920872132,0.0010881877879879297,0.9869281028186331
0.16216216216216217,0.9881272722021208,0.0010888090774387512,0.9867641223529019
0.16316316316316315,0.9879649630277072,0.001089444038728106,0.9865990990197543
0.16416416416416416,0.9878014640468962,0.0010900913404568318,0.9864330322957973
0.16516516516516516,0.9876367747446579,0.0010907496928685078,0.9862659216539744
0.16616616616616617,0.9874708946087196,0.00109141784237138,0.9860977665635584
0.16716716716716717,0.9873038231298779,0.0010920945753614645,0.985928566490141
0.16816816816816815,0.9871355598017715,0.0010927787152562925,0.9857583208956253
0.16916916916916916,0.9869661041201425,0.0010934691227711762,0.9855870292382165
0.17017017017017017,0.986795455583831,0.0010941646949607802,0.9854146909724125
0.17117117117117117,0.9866236136946895,0.0010948643658721332,0.9852413055489958
0.17217217217217218,0.9864505779567878,0.0010955671046990298,0.9850668724150233
0.17317317317317318,0.9862763478774923,0.0010962719155011853,0.9848913910138184
0.17417417417417416,0.986100922966159,0.0010969778373690687,0.9847148607849606
0.17517517517517517,0.9859243027356683,0.0010976839431623856,0.9845372811642771
0.17617617617617617,0.9857464867009753,0.001098389338952323,0.9843586515838325
0.17717717717717718,0.9855674743805025,0.0010990931637613437,0.9841789714719205
0.1781781781781782,0.9853872652952873,0.0010997945891963433,0.9839982402530532
0.17917917917917917,0.9852058589685839,0.00110049281806858,0.9838164573479524
0.18018018018018017,0.9850232549265456,0.0011011870846270222,0.9836336221735397
0.18118118118118118,0.9848394526989068,0.0011018766539805675,0.983449734142926
0.18218218218218218,0.984654451817164,0.0011025608203610077,0.9832647926654031
0.1831831831831832,0.984468251816395,0.0011032389081067637,0.9830787971464324
0.1841841841841842,0.9842808522335531,0.0011039102706293976,0.9828917469876357
0.18518518518518517,0.9840922526096563,0.001104574288779314,0.9827036415867851
0.18618618618618618,0.9839024524873423,0.0011052303715769296,0.9825144803377927
0.1871871871871872,0.9837114514118923,0.0011058779561375456,0.9823242626307003
0.1881881881881882,0.9835192489335896,0.0011065165049376192,0.9821329878516692
0.1891891891891892,0.9833258446021773,0.0011071455066507317,0.9819406553829703
0.19019019019019018,0.9831312379728274,0.0011077644765804789,0.9817472646029727
0.19119119119119118,0.9829354286026444,0.0011083729537875646,0.9815528148861341
0.1921921921921922,0.9827384160510064,0.001108970502632761,0.9813573056029896
0.1931931931931932,0.9825401998811003,0.001109556711664932,0.9811607361201413
0.1941941941941942,0.9823407796586139,0.0011101311919645858,0.9809631058002475
0.19519519519519518,0.9821401549513951,0.0011106935784434718,0.9807644140020119
0.1961961961961962,0.9819383253306739,0.0011112435280454494,0.9805646600801723
0.1971971971971972,0.9817352903706933,0.0011117807191037205,0.9803638433854901
0.1981981981981982,0.9815310496485381,0.0011123048529483712,0.9801619632647391
0.1991991991991992,0.9813256027434534,0.001112815650773358,0.979959019060694
0.20020020020020018,0.981118949237981,0.0011133128545539515,0.9797550101121197
0.2012012012012012,0.98091108871796,0.0011137962260209606,0.9795499357537591
0.2022022022022022,0.9807020207711901,0.001114265546886268,0.9793437953163229
0.2032032032032032,0.9804917449884272,0.0011147206178260577,0.9791365881264767
0.2042042042042042,0.980280260964264,0.0011151612583160785,0.9789283135068306
0.20520520520520522,0.9800675682948281,0.0011155873061222737,0.978718970775927
0.2062062062062062,0.9798536665806523,0.0011159986159503174,0.9785085592482283
0.2072072072072072,0.9796385554230937,0.001116395061532331,0.9782970782341065
0.2082082082082082,0.9794222344285117,0.0011167765322944846,0.9780845270398297
0.2092092092092092,0.9792047032042888,0.0011171429337119155,0.9778709049675511
0.21021021021021022,0.9789859613619569,0.001117494189752367,0.9776562113152962
0.2112112112112112,0.9787660085158905,0.0011178302373730416,0.9774404453769514
0.2122122122122122,0.9785448442824247,0.0011181510306618664,0.9772236064422508
0.2132132132132132,0.978322468280993,0.0011184565376290657,0.9770056937967644
0.21421421421421422,0.9780988801352919,0.0011187467420683591,0.9767867067218855
0.21521521521521522,0.9778740794696432,0.0011190216406560048,0.9765666444948182
0.21621621621621623,0.9776480659134279,0.0011192812446694826,0.9763455063885644
0.2172172172172172,0.9774208390969648,0.0011195255781364783,0.9761232916719118
0.2182182182182182,0.9771923986555748,0.0011197546798559339,0.9758999996094201
0.21921921921921922,0.9769627442256308,0.0011199685995211504,0.9756756294614086
0.22022022022022023,0.976731875447598,0.0011201673997967491,0.9754501804839434
0.22122122122122123,0.9764997919639313,0.0011203511562652092,0.9752236519288237
0.2222222222222222,0.9762664934204963,0.001120519955493498,0.9749960430435691
0.22322322322322322,0.9760319794662848,0.0011206738953328497,0.974767353071406
0.22422422422422422,0.9757962497529604,0.0011208130848242234,0.9745375812512541
0.22522522522522523,0.9755593039350003,0.0011209376447002372,0.9743067268177135
0.22622622622622623,0.9753211416697241,0.001121047704769312,0.9740747890010502
0.2272272272272272,0.9750817626183448,0.001121143406254598,0.973841767027183
0.22822822822822822,0.9748411664432979,0.0011212248990340133,0.9736076601176696
0.22922922922922923,0.9745993528113104,0.001121292343635895,0.973372467489693
0.23023023023023023,0.9743563213916104,0.0011213459092751837,0.9731361883560468
0.23123123123123124,0.9741120718564389,0.0011213857738718767,0.9728988219251212
0.23223223223223222,0.9738666038809072,0.0011214121248628384,0.9726603674008901
0.23323323323323322,0.9736199171426563,0.0011214251575398257,0.9724208239828949
0.23423423423423423,0.9733720113232209,0.0011214250752699247,0.9721801908662313
0.23523523523523523,0.9731228861067507,0.0011214120891725335,0.9719384672415345
0.23623623623623624,0.9728725411792993,0.0011213864188863842,0.9716956522949648
0.23723723723723725,0.9726209762317808,0.0011213482903179067,0.9714517452081924
0.23823823823823823,0.9723681909558195,0.0011212979366078842,0.971206745158383
0.23923923923923923,0.9721141850490369,0.0011212355981088285,0.970960651318183
0.24024024024024024,0.9718589582082018,0.0011211615213727868,0.9707134628557037
0.24124124124124124,0.971602510136222,0.0011210759595752723,0.9704651789345072
0.24224224224224225,0.9713448405373128,0.001120979171355185,0.9702157987135908
0.24324324324324323,0.9710859491198676,0.0011208714217840689,0.9699653213473709
0.24424424424424424,0.9708258355937573,0.0011207529810578032,0.9697137459856686
0.24524524524524524,0.970564499673344,0.0011206241249214518,0.969461071773694
0.24624624624624625,0.9703019410746379,0.0011204851340045707,0.9692072978520297
0.24724724724724725,0.9700381595177987,0.001120336293453359,0.9689524233566159
0.24824824824824826,0.9697731547246349,0.0011201778940491162,0.9686964474187341
0.24924924924924924,0.9695069264219569,0.0011200102298085828,0.968439369164991
0.2502502502502503,0.9692394743375701,0.0011198335996467745,0.9681811877173028
0.25125125125125125,0.9689707982029745,0.001119648305917606,0.9679219021928787
0.25225225225225223,0.9687008977529672,0.0011194546551346347,0.9676615117042044
0.25325325325325326,0.9684297727255853,0.001119252956509906,0.967400015359026
0.25425425425425424,0.9681574228606564,0.0011190435233183083,0.9671374122603329
0.2552552552552553,0.96788384790284,0.0011188266717821675,0.9668737015063418
0.25625625625625625,0.9676090475980743,0.0011186027201525387,0.9666088821904794
0.25725725725725723,0.9673330216957083,0.0011183719904194387,0.9663429534013653
0.25825825825825827,0.9670557699495248,0.0011181348060021973,0.9660759142227958
0.25925925925925924,0.9667772921139033,0.0011178914930611533,0.9658077637337258
0.2602602602602603,0.9664975879482256,0.0011176423793765554,0.9655385010082517
0.26126126126126126,0.9662166572148294,0.0011173877947155742,0.9652681251155945
0.26226226226226224,0.9659344996776724,0.001117128070702081,0.9649966351200818
0.26326326326326327,0.9656511151046914,0.0011168635390452126,0.9647240300811304
0.26426426426426425,0.9653665032668073,0.0011165945346862738,0.964450309053228
0.2652652652652653,0.9650806639381244,0.001116321391937788,0.9641754710859163
0.26626626626626626,0.9647935968954187,0.001116044446087292,0.9638995152237715
0.26726726726726724,0.9645053019189618,0.0011157640339577294,0.9636224405063879
0.2682682682682683,0.9642157787909582,0.0011154804910339972,0.9633442459683581
0.26926926926926925,0.9639250272984725,0.0011151941549058099,0.9630649306392554
0.2702702702702703,0.9636330472300472,0.0011149053618438305,0.962784493543615
0.27127127127127126,0.9633398383780616,0.00111461444815058,0.9625029337009152
0.27227227227227224,0.9630454005378226,0.0011143217503168325,0.9622202501255592
0.2732732732732733,0.9627497335072519,0.0011140276034332245,0.9619364418268552
0.27427427427427425,0.9624528370880512,0.0011137323426387105,0.9616515078089984
0.2752752752752753,0.9621547110846507,0.0011134363014293905,0.9613654470710508
0.27627627627627627,0.961855355304408,0.0011131398128061583,0.9610782586069225
0.2772772772772773,0.9615547695572673,0.00111284320817847,0.9607899414053521
0.2782782782782783,0.9612529536584304,0.0011125468171634828,0.9605004944498868
0.27927927927927926,0.9609499074235828,0.0011122509679328853,0.9602099167188632
0.2802802802802803,0.9606456306721611,0.001111955987309703,0.959918207185387
0.28128128128128127,0.9603401232276951,0.001111662199565985,0.9596253648173129
0.2822822822822823,0.9600333849159028,0.0011113699270157964,0.9593313885772246
0.2832832832832833,0.9597254155661403,0.001111079489708936,0.9590362774224148
0.28428428428428426,0.9594162150099805,0.001110791204723491,0.9587400303048643
0.2852852852852853,0.9591057830832028,0.0011105053871560094,0.9584426461712215
0.2862862862862863,0.9587941196235192,0.0011102223483123723,0.9581441239627818
0.2872872872872873,0.9584812244728482,0.001109942397345979,0.9578444626154664
0.2882882882882883,0.9581670974756946,0.0011096658406465328,0.9575436610598019
0.28928928928928926,0.9578517384795191,0.0011093929793757706,0.9572417182208984
0.2902902902902903,0.9575351473345677,0.001109124113305145,0.9569386330184287
0.2912912912912913,0.9572173238949517,0.001108859537399536,0.9566344043666066
0.2922922922922923,0.9568982680183069,0.0011085995434027519,0.956329031174165
0.2932932932932933,0.9565779795637184,0.0011083444184697225,0.956022512344335
0.29429429429429427,0.9562564583946198,0.00110809444625099,0.955714846774823
0.2952952952952953,0.9559337043776281,0.001107849905973919,0.9554060333577888
0.2962962962962963,0.9556097173817761,0.001107611072975669,0.9550960709798242
0.2972972972972973,0.955284497279365,0.0011073782166297853,0.9547849585219294
0.2982982982982983,0.954958043946732,0.0011071516032837478,0.9544726948594913
0.29929929929929927,0.9546303572617774,0.001106931493482911,0.9541592788622603
0.3003003003003003,0.9543014371068921,0.0011067181437051088,0.9538447093943277
0.3013013013013013,0.9539712833671388,0.001106511804485038,0.9535289853141028
0.3023023023023023,0.9536398959306212,0.001106312721597182,0.9532121054742891
0.3033033033033033,0.9533072746882283,0.0011061211358849717,0.9528940687218619
0.30430430430430433,0.9529734195344872,0.0011059372817344732,0.9525748738980434
0.3053053053053053,0.9526383303672219,0.0011057613891109334,0.9522545198382806
0.3063063063063063,0.9523020070866437,0.0011055936814802032,0.9519330053722201
0.3073073073073073,0.951964449597142,0.0011054343771431023,0.951610329323685
0.3083083083083083,0.9516256578053799,0.0011052836885119951,0.9512864905106501
0.30930930930930933,0.9512856316213174,0.0011051418209851393,0.9509614877452177
0.3103103103103103,0.9509443709587799,0.0011050089746337261,0.9506353198335937
0.3113113113113113,0.9506018757337245,0.001104885344132069,0.9503079855760614
0.3123123123123123,0.9502581458657744,0.0011047711163766993,0.9499794837669584
0.3133133133133133,0.9499131812779638,0.0011046664727778377,0.9496498131946499
0.31431431431431434,0.9495669818959982,0.0011045715881353448,0.949318972641505
0.3153153153153153,0.9492195476486245,0.0011044866300171697,0.9489869608838697
0.3163163163163163,0.9488708784682558,0.0011044117605507884,0.9486537766920428
0.3173173173173173,0.9485209742906591,0.0011043471340439171,0.9483194188302488
0.3183183183183183,0.9481698350539318,0.0011042928986767933,0.9479838860566132
0.31931931931931934,0.9478174606998948,0.0011042491955314013,0.9476471771231352
0.3203203203203203,0.9474638511734952,0.0011042161584758228,0.9473092907756618
0.3213213213213213,0.947109006422636,0.0011041939147029686,0.9469702257538619
0.32232232232232233,0.9467529263990855,0.0011041825841139397,0.9466299807911985
0.3233233233233233,0.9463956110566016,0.001104182279858522,0.9462885546149028
0.32432432432432434,0.9460370603530919,0.0011041931076197782,0.9459459459459459
0.3253253253253253,0.945677274249249,0.0011042151654526227,0.9456021534990131
0.3263263263263263,0.9453162527094605,0.0011042485449304917,0.9452571759824752
0.32732732732732733,0.9449539956999047,0.001104293330131273,0.9449110120983609
0.3283283283283283,0.9445905031919892,0.0011043495969260673,0.9445636605423297
0.32932932932932935,0.9442257751584577,0.0011044174151342955,0.944215120003643
0.3303303303303303,0.9438598115765444,0.001104496845803964,0.9438653891651366
0.3313313313313313,0.9434926124258993,0.0011045879436704573,0.9435144667031913
0.33233233233233234,0.9431241776896968,0.0011046907552937776,0.943162351287705
0.3333333333333333,0.9427545073539818,0.0011048053202628739,0.9428090415820634
0.33433433433433435,0.9423836014088067,0.001104931670039176,0.942454536243111
0.3353353353353353,0.9420114598465261,0.0011050698292635198,0.9420988339211221
0.3363363363363363,0.9416380826631894,0.0011052198144013057,0.941741933259771
0.33733733733733734,0.9412634698579723,0.001105381635453293,0.9413838328961016
0.3383383383383383,0.9408876214326654,0.0011055552934483605,0.9410245314604992
0.33933933933933935,0.9405105373934646,0.0011057407832613117,0.9406640275766586
0.34034034034034033,0.9401322177486691,0.0011059380916606989,0.9403023198615545
0.34134134134134136,0.939752662510358,0.001106147197718508,0.9399394069254112
0.34234234234234234,0.9393718716945045,0.0011063680738227395,0.9395752873716712
0.3433433433433433,0.93898984531819,0.0011066006839309333,0.9392099597969642
0.34434434434434436,0.9386065834036117,0.0011068449860398837,0.9388434227910762
0.34534534534534533,0.9382220859756671,0.001107100929538872,0.9384756749369182
0.34634634634634637,0.9378363530624085,0.0011073684567784851,0.9381067148104936
0.34734734734734735,0.9374493846949008,0.0011076475033854887,0.937736540980867
0.3483483483483483,0.9370611809082448,0.0011079379970751796,0.9373651520101319
0.34934934934934936,0.9366717417391612,0.001108239858520354,0.9369925464533783
0.35035035035035034,0.9362810672295154,0.0011085530018193734,0.9366187228586597
0.35135135135135137,0.9358891574227926,0.001108877333612792,0.9362436797669607
0.35235235235235235,0.9354960123671674,0.0011092127535037007,0.9358674157121637
0.3533533533533533,0.9351016321129748,0.001109559154328237,0.9354899292210153
0.35435435435435436,0.9347060167138181,0.0011099164215262827,0.9351112188130932
0.35535535535535534,0.934309166227365,0.0011102844347641784,0.9347312830007719
0.3563563563563564,0.9339110807132158,0.001110663066156429,0.9343501202891888
0.35735735735735735,0.9335117602356604,0.001111052181289755,0.9339677291762098
0.35835835835835833,0.9331112048616603,0.0011114516396465246,0.9335841081523948
0.35935935935935936,0.932709414660593,0.0011118612940294761,0.9331992557009627
0.36036036036036034,0.9323063897062696,0.0011122809908867448,0.9328131702977565
0.3613613613613614,0.9319021300755139,0.0011127105695891955,0.9324258504112076
0.36236236236236236,0.9314966358479069,0.0011131498648019565,0.9320372945023004
0.36336336336336333,0.931089907106383,0.0011135987043645597,0.9316475010245369
0.36436436436436437,0.9306819439377136,0.001114056909668068,0.9312564684238992
0.36536536536536535,0.9302727464307736,0.0011145242971276142,0.9308641951388146
0.3663663663663664,0.9298623146794398,0.0011150006771126011,0.930470679600118
0.36736736736736736,0.9294506487790386,0.001115485854273397,0.9300759202310152
0.3683683683683684,0.929037748829046,0.0011159796274198806,0.9296799154470458
0.36936936936936937,0.9286236149326328,0.0011164817905939101,0.9292826636560452
0.37037037037037035,0.9282082471955562,0.0011169921323003675,0.9288841632581076
0.3713713713713714,0.9277916457261313,0.0011175104355352706,0.9284844126455474
0.37237237237237236,0.9273738106374481,0.0011180364793531722,0.9280834102028607
0.3733733733733734,0.9269547420454955,0.0011185700364104516,0.9276811543066872
0.3743743743743744,0.9265344400686217,0.0011191108756247931,0.927277643325771
0.37537537537537535,0.9261129048293242,0.0011196587613069428,0.9268728756209214
0.3763763763763764,0.9256901364533405,0.0011202134529886812,0.9264668495449734
0.37737737737737737,0.925266135069478,0.001120774705746537,0.9260595634427478
0.3783783783783784,0.9248409008096132,0.0011213422706234314,0.9256510156510113
0.3793793793793794,0.9244144338086357,0.0011219158950488786,0.9252412044984362
0.38038038038038036,0.9239867342051582,0.0011224953218729673,0.9248301283055592
0.3813813813813814,0.9235578021421134,0.001123080290676749,0.9244177853847411
0.38238238238238237,0.9231276377638835,0.0011236705370033814,0.9240041740401249
0.3833833833833834,0.9226962412183468,0.0011242657937638677,0.9235892925675945
0.3843843843843844,0.9222636126583552,0.0011248657896276504,0.9231731392547325
0.38538538538538536,0.9218297522384375,0.0011254702504759333,0.9227557123807785
0.3863863863863864,0.9213946601169027,0.0011260788997160829,0.9223370102165857
0.38738738738738737,0.9209583364552429,0.0011266914578061922,0.9219170310245788
0.3883883883883884,0.9205207814183041,0.001127307641829898,0.9214957730587104
0.3893893893893894,0.9200819951744847,0.0011279271671390903,0.9210732345644175
0.39039039039039036,0.9196419778949974,0.0011285497466787928,0.9206494137785776
0.3913913913913914,0.919200729754607,0.001129175091149373,0.9202243089294646
0.3923923923923924,0.918758250931063,0.001129802909462376,0.9197979182367042
0.3933933933933934,0.9183145416066054,0.0011304329085066844,0.919370239911229
0.3943943943943944,0.917869601964469,0.001131064794190813,0.9189412721552335
0.39539539539539537,0.9174234321938002,0.0011316982697341278,0.918511013162128
0.3963963963963964,0.9169760324850813,0.0011323330384732544,0.9180794611164934
0.3973973973973974,0.9165274030330579,0.0011329688017586875,0.9176466141940344
0.3983983983983984,0.9160775440358861,0.0011336052609221094,0.917212470561533
0.3993993993993994,0.9156264556939959,0.0011342421156636103,0.9167770283768018
0.40040040040040037,0.9151741382120804,0.0011348790658185991,0.916340285788636
0.4014014014014014,0.9147205917980727,0.0011355158103314598,0.9159022409367666
0.4024024024024024,0.9142658166623789,0.0011361520486259525,0.915462891951812
0.4034034034034034,0.9138098130203502,0.0011367874795774665,0.9150222369552288
0.4044044044044044,0.9133525810884748,0.0011374218030257496,0.9145802740592642
0.40540540540540543,0.9128941210879589,0.00113805471840393,0.9141370013669061
0.4064064064064064,0.9124344332435044,0.0011386859263938346,0.9136924169718335
0.4074074074074074,0.9119735177822008,0.0011393151283337502,0.9132465189583668
0.4084084084084084,0.9115113749355146,0.0011399420264552255,0.9127993054014177
0.4094094094094094,0.9110480049370722,0.0011405663237776418,0.9123507743664377
0.41041041041041043,0.9105834080243653,0.0011411877258508288,0.9119009239093677
0.4114114114114114,0.9101175844383533,0.0011418059387477658,0.9114497520765862
0.4124124124124124,0.909650534423065,0.0011424206709017854,0.9109972569048571
0.4134134134134134,0.9091822582259965,0.0011430316328488604,0.9105434364212781
0.4144144144144144,0.9087127560978274,0.0011436385367759288,0.9100882886432272
0.41541541541541543,0.9082420282927615,0.0011442410974283992,0.9096318115783099
0.4164164164164164,0.9077700750676456,0.001144839033062669,0.9091740032243056
0.4174174174174174,0.9072968966838175,0.0011454320633419533,0.9087148615691137
0.4184184184184184,0.906822493405059,0.0011460199125663182,0.908254384590699
0.4194194194194194,0.9063468654985627,0.0011466023065016867,0.9077925702570369
0.42042042042042044,0.9058700132351873,0.0011471789757990082,0.907329416526058
0.4214214214214214,0.9053919368888046,0.0011477496541792403,0.9068649213455932
0.4224224224224224,0.9049126367366966,0.0011483140796205952,0.9063990826533158
0.42342342342342343,0.9044321130598689,0.0011488719938025124,0.9059318983766872
0.4244244244244244,0.9039503661414301,0.0011494231431930116,0.9054633664328977
0.42542542542542544,0.9034673962690931,0.0011499672784431845,0.9049934847288105
0.4264264264264264,0.9029832037334131,0.0011505041550377397,0.9045222511609029
0.4274274274274274,0.9024977888285832,0.0011510335336060136,0.9040496636152083
0.42842842842842843,0.9020111518521787,0.001151555180328494,0.903575719967257
0.4294294294294294,0.9015232931036792,0.001152068866089491,0.9031004180820175
0.43043043043043044,0.9010342128877937,0.0011525743684255732,0.9026237558138355
0.4314314314314314,0.9005439115111926,0.0011530714700509215,0.9021457310063746
0.43243243243243246,0.9000523892857473,0.0011535599600334115,0.9016663414925555
0.43343343343343343,0.8995596465237554,0.0011540396344869115,0.901185585094494
0.4344344344344344,0.8990656835430855,0.001154510295098535,0.9007034596234396
0.43543543543543545,0.8985705006648175,0.0011549717514568408,0.9002199628797135
0.4364364364364364,0.8980740982121063,0.0011554238197235478,0.8997350926526454
0.43743743743743746,0.8975764765126826,0.0011558663236621966,0.8992488467205103
0.43843843843843844,0.8970776358971193,0.0011562990948488906,0.8987612228504652
0.4394394394394394,0.8965775766989736,0.001156721972787279,0.8982722187984838
0.44044044044044045,0.8960762992552986,0.0011571348043524247,0.8977818323092926
0.44144144144144143,0.8955738039073822,0.0011575374460181002,0.897290061116305
0.44244244244244246,0.895070090998928,0.0011579297626765801,0.8967969029415557
0.44344344344344344,0.894565160876823,0.00115831162761205,0.8963023554956339
0.4444444444444444,0.8940590138922175,0.0011586829237206734,0.8958064164776166
0.44544544544544545,0.8935516503986776,0.0011590435435320369,0.8953090835750013
0.44644644644644643,0.8930430707536345,0.001159393389136003,0.8948103544636373
0.44744744744744747,0.8925332753176463,0.001159732372876778,0.8943102268076575
0.44844844844844844,0.8920222644544822,0.0011600604173292793,0.893808698259409
0.4494494494494494,0.8915100385314645,0.0011603774557074715,0.8933057664593836
0.45045045045045046,0.8909965979200365,0.0011606834326560681,0.892801429036147
0.45145145145145144,0.8904819429933752,0.0011609783030343123,0.8922956836062684
0.45245245245245247,0.8899660741284663,0.0011612620342405333,0.8917885277742483
0.45345345345345345,0.8894489917070132,0.0011615346050461207,0.8912799591324472
0.4544544544544544,0.888930696112368,0.0011617960061051857,0.8907699752610122
0.45545545545545546,0.888411187731549,0.001162046241133982,0.8902585737278039
0.45645645645645644,0.8878904669561507,0.0011622853260846483,0.8897457520883227
0.4574574574574575,0.8873685341799558,0.0011625132902795925,0.8892315078856341
0.45845845845845845,0.8868453898002144,0.0011627301764482948,0.8887158386502931
0.45945945945945943,0.886321034217417,0.0011629360408137097,0.8881987419002694
0.46046046046046046,0.8857954678358624,0.0011631309541827127,0.8876802151408697
0.46146146146146144,0.8852686910633452,0.001163315000890082,0.8871602558646617
0.4624624624624625,0.8847407043097917,0.0011634882807989289,0.8866388615513959
0.46346346346346345,0.8842115079898178,0.0011636509086298348,0.8861160296679272
0.46446446446446443,0.8836811025213649,0.0011638030141034336,0.8855917576681358
0.46546546546546547,0.8831494883248183,0.0011639447434201834,0.8850660429928479
0.46646646646646645,0.8826166658239174,0.0011640762583089753,0.8845388830697546
0.4674674674674675,0.8820826354468636,0.0011641977374147482,0.8840102753133315
0.46846846846846846,0.88154739762399,0.001164309375780007,0.8834802171247569
0.4694694694694695,0.8810109527898362,0.001164411386283095,0.8829487058918286
0.47047047047047047,0.8804733013818122,0.001164503999075393,0.8824157389888817
0.47147147147147145,0.8799344438407957,0.001164587461830865,0.881881313776704
0.4724724724724725,0.8793943806113589,0.001164662041426995,0.8813454276024518
0.47347347347347346,0.8788531121408028,0.001164728022862362,0.8808080777995647
0.4744744744744745,0.8783106388802366,0.001164785710415989,0.8802692616876788
0.4754754754754755,0.8777669612836689,0.0011648354279975117,0.8797289765725411
0.47647647647647645,0.8772220798088881,0.001164877519355517,0.8791872197459206
0.4774774774774775,0.8766759949172354,0.0011649123485728198,0.8786439884855214
0.47847847847847846,0.8761287070726098,0.001164940300419582,0.8780992800548924
0.4794794794794795,0.8755802167425202,0.0011649617803258863,0.8775530917033381
0.4804804804804805,0.8750305243989942,0.00116497721621315,0.8770054206658283
0.48148148148148145,0.8744796305154807,0.0011649870572284584,0.8764562641629061
0.4824824824824825,0.873927535570374,0.001164991775290334,0.8759056194005955
0.48348348348348347,0.873374240044086,0.001164991864394696,0.8753534835703095
0.4844844844844845,0.8728197444215198,0.0011649878424933747,0.874799853848755
0.4854854854854855,0.8722640491904485,0.0011649802507034308,0.8742447273978393
0.48648648648648646,0.8717071548421131,0.0011649696541830444,0.8736881013645738
0.4874874874874875,0.8711490618706819,0.0011649566428629517,0.8731299728809776
0.48848848848848847,0.8705897707747852,0.0011649418312229725,0.8725703390639816
0.4894894894894895,0.870029282054503,0.0011649258591145207,0.872009197015329
0.4904904904904905,0.8694675962152587,0.001164909391865583,0.8714465438214773
0.49149149149149146,0.8689047137642945,0.001164893121144883,0.8708823765534982
0.4924924924924925,0.8683406352133431,0.0011648777654887465,0.8703166922669772
0.4934934934934935,0.8677753610768946,0.0011648640700135384,0.8697494880019115
0.4944944944944945,0.867208891872906,0.0011648528070286094,0.8691807607826086
0.4954954954954955,0.866641228122063,0.0011648447769773442,0.868610507617582
0.4964964964964965,0.86607237035048,0.0011648408086095833,0.868038725499447
0.4974974974974975,0.8655023190848965,0.001164841759004203,0.8674654114048165
0.4984984984984985,0.8649310748572248,0.0011648485140606634,0.8668905622941933
0.4994994994994995,0.8643586382015087,0.0011648619895540618,0.866314175111864
0.5005005005005005,0.8637850096566808,0.0011648831307036868,0.8657362467857912
0.5015015015015015,0.8632101897631514,0.0011649129130182289,0.8651567742275036
0.5025025025025025,0.8626341790667027,0.0011649523425581883,0.8645757543319859
0.5035035035035035,0.862056978114822,0.001165002456186414,0.8639931839775691
0.5045045045045045,0.8614785874587767,0.001165064321901101,0.8634090600258167
0.5055055055055055,0.8608990076540692,0.0011651390395837056,0.8628233793214132
0.5065065065065065,0.8603182392583335,0.0011652277403978117,0.862236138692049
0.5075075075075075,0.8597362828328414,0.0011653315886017638,0.8616473349483054
0.5085085085085085,0.8591531389431282,0.0011654517801520108,0.861056964883539
0.5095095095095095,0.8585688081564626,0.0011655895441941377,0.8604650252737639
0.5105105105105106,0.8579832910452012,0.0011657461430096383,0.8598715128775333
0.5115115115115115,0.857396588183633,0.0011659228715134075,0.8592764244358208
0.5125125125125125,0.8568087001501965,0.001166121059157456,0.858679756671899
0.5135135135135135,0.8562196275266274,0.001166342068192103,0.8580815062912186
0.5145145145145145,0.8556293708974749,0.00116658729523517,0.857481669981285
0.5155155155155156,0.8550379308510401,0.0011668581706722836,0.8568802444115352
0.5165165165165165,0.8544453079788639,0.0011671561593619704,0.8562772262332119
0.5175175175175175,0.853851502876239,0.0011674827602169,0.855672612079238
0.5185185185185185,0.8532565161412435,0.0011678395067057322,0.8550663985640886
0.5195195195195195,0.8526603483751956,0.0011682279663714312,0.8544585822836632
0.5205205205205206,0.852063000183648,0.0011686497415991674,0.8538491598151552
0.5215215215215215,0.8514644721742002,0.001169106468685216,0.8532381277169212
0.5225225225225225,0.850864764959141,0.0011695998186744248,0.852625482528349
0.5235235235235235,0.8502638791530615,0.0011701314962117963,0.8520112207697236
0.5245245245245245,0.8496618153743611,0.0011707032412017857,0.8513953389420931
0.5255255255255256,0.8490585742445091,0.001171316826297474,0.8507778335271319
0.5265265265265265,0.8484541563894084,0.001171974058474543,0.8501587009870045
0.5275275275275275,0.8478485624362975,0.0011726767780458952,0.8495379377642258
0.5285285285285285,0.84724179301719,0.0011734268583421428,0.8489155402815219
0.5295295295295295,0.8466338487671692,0.0011742262059119516,0.8482915049416888
0.5305305305305306,0.8460247303246433,0.0011750767592066985,0.8476658281274488
0.5315315315315315,0.8454144383306925,0.001175980489390253,0.8470385062013087
0.5325325325325325,0.8448029734320812,0.0011769393983559083,0.8464095355054119
0.5335335335335335,0.8441903362747212,0.0011779555193368835,0.8457789123613936
0.5345345345345345,0.843576527512397,0.0011790309160449328,0.8451466330702315
0.5355355355355356,0.8429615477984385,0.0011801676817085288,0.8445126939120969
0.5365365365365365,0.8423453977929398,0.0011813679389031783,0.8438770911462035
0.5375375375375375,0.8417280781562226,0.001182633837914117,0.8432398210106544
0.5385385385385385,0.8411095895539518,0.001183967557251505,0.8426008797222888
0.5395395395395395,0.840489932654009,0.0011853713014301102,0.8419602634765264
0.5405405405405406,0.8398691081283403,0.0011868473011329922,0.8413179684472097
0.5415415415415415,0.8392471166519613,0.0011883978111608385,0.8406739907864469
0.5425425425425425,0.8386239589032982,0.0011900251106643338,0.8400283266244499
0.5435435435435435,0.83799963556379,0.0011917315013058396,0.8393809720693745
0.5445445445445445,0.8373741473186556,0.0011935193058352108,0.838731923207156
0.5455455455455456,0.8367474948560698,0.0011953908676799576,0.8380811761013447
0.5465465465465466,0.8361196788678456,0.0011973485490352357,0.8374287267929394
0.5475475475475475,0.8354907000488083,0.0011993947302477305,0.8367745713002195
0.5485485485485485,0.8348605590968248,0.0012015318073835134,0.8361187056185746
0.5495495495495496,0.8342292567141953,0.0012037621921995687,0.8354611257203336
0.5505505505505506,0.8335967936055795,0.0012060883097486735,0.8348018275545913
0.5515515515515516,0.8329631704791041,0.0012085125967732935,0.8341408070470334
0.5525525525525525,0.8323283880467045,0.0012110375009717267,0.8334780600997598
0.5535535535535535,0.831692447022931,0.0012136654788840267,0.8328135825911062
0.5545545545545546,0.8310553481258012,0.0012163989940628095,0.8321473703754639
0.5555555555555556,0.8304170920772833,0.00121924051616487,0.8314794192830981
0.5565565565565566,0.8297776796021878,0.0012221925184982415,0.830809725119963
0.5575575575575575,0.8291371114285653,0.0012252574766354351,0.830138283667517
0.5585585585585585,0.828495388287763,0.0012284378665867292,0.8294650906825346
0.5595595595595596,0.8278525109149086,0.001231736163220297,0.8287901418969169
0.5605605605605606,0.8272084800473465,0.0012351548383437146,0.8281134330175004
0.5615615615615616,0.8265632964272243,0.0012386963585913307,0.827434959725863
0.5625625625625625,0.8259169607990202,0.0012423631841980162,0.826754717678129
0.5635635635635635,0.8252694739110211,0.0012461577668187824,0.8260727025047719
0.5645645645645646,0.8246208365140717,0.0012500825475284258,0.8253889098104139
0.5655655655655656,0.8239710493627399,0.0012541399556663367,0.8247033351736258
0.5665665665665666,0.8233201132156296,0.0012583324060855378,0.8240159741467227
0.5675675675675675,0.8226680288336752,0.0012626622981448759,0.8233268222555576
0.5685685685685685,0.8220147969809659,0.0012671320135171267,0.8226358749993152
0.5695695695695696,0.8213604184258827,0.0012717439150288737,0.8219431278503004
0.5705705705705706,0.8207048939397055,0.0012765003436848187,0.8212485762537269
0.5715715715715716,0.8200482242967269,0.0012814036176979828,0.8205522156275028
0.5725725725725725,0.8193904102744796,0.001286456031666777,0.8198540413620136
0.5735735735735735,0.8187314526539922,0.0012916598532340124,0.8191540488199033
0.5745745745745746,0.8180713522200449,0.0012970173226112026,0.8184522333358537
0.5755755755755756,0.817410109759976,0.001302530651014865,0.8177485902163604
0.5765765765765766,0.8167477260647331,0.0013082020184325622,0.817043114739507
0.5775775775775776,0.8160842019286179,0.0013140335731108364,0.8163358021547367
0.5785785785785785,0.8154195381490581,0.0013200274297740391,0.8156266476826217
0.5795795795795796,0.8147537355270629,0.0013261856682927236,0.8149156465146302
0.5805805805805806,0.814086794866995,0.001332510332043237,0.8142027938128903
0.5815815815815816,0.8134187169750078,0.0013390034275082446,0.813488084709952
0.5825825825825826,0.8127495026629674,0.0013456669229775509,0.8127715143085469
0.5835835835835835,0.812079152744559,0.0013525027469996592,0.8120530776813438
0.5845845845845846,0.8114076680370204,0.0013595127879458783,0.8113327698707039
0.5855855855855856,0.8107350493604315,0.0013666988929461952,0.8106105858884319
0.5865865865865866,0.8100612975397325,0.0013740628672739572,0.809886520715524
0.5875875875875876,0.8093864134007447,0.0013816064733232442,0.8091605693019149
0.5885885885885885,0.8087103977742345,0.00138933143055683,0.8084327265662204
0.5895895895895896,0.8080332514942654,0.001397239414205834,0.8077029873954777
0.5905905905905906,0.807354975397061,0.0014053320551433877,0.8069713466448839
0.5915915915915916,0.8066755703233355,0.001413610940025647,0.8062377991375297
0.5925925925925926,0.8059950371163325,0.0014220776101687568,0.8055023396641313
0.5935935935935935,0.805313376623161,0.0014307335616609775,0.8047649629827603
0.5945945945945946,0.8046305896935735,0.0014395802456590406,0.8040256638185684
0.5955955955955956,0.8039466771805337,0.0014486190675974556,0.8032844368635108
0.5965965965965966,0.8032616399407004,0.0014578513878728114,0.8025412767760657
0.5975975975975976,0.8025754788341146,0.001467278521405654,0.8017961781809513
0.5985985985985985,0.8018881947238015,0.0014769017382731144,0.801049135668839
0.5995995995995996,0.8011997884758273,0.0014867222635731735,0.8003001437960634
0.6006006006006006,0.8005102609602375,0.0014967412782992894,0.7995491970843307
0.6016016016016016,0.7998196130492943,0.001506959918968892,0.7987962900204206
0.6026026026026026,0.7991278456196653,0.001517379278588705,0.798041417055888
0.6036036036036035,0.7984349595502351,0.0015280004072955366,0.79728457260676
0.6046046046046046,0.797740955723981,0.0015388243123983661,0.7965257510532285
0.6056056056056056,0.7970458350267506,0.0015498519593193038,0.795764946739342
0.6066066066066066,0.7963495983470068,0.0015610842724289016,0.7950021539726906
0.6076076076076076,0.7956522465781006,0.001572522135355925,0.7942373670240903
0.6086086086086087,0.7949537806150317,0.0015841663921637992,0.7934705801272618
0.6096096096096096,0.7942542013568641,0.0015960178474704587,0.7927017874785065
0.6106106106106106,0.7935535097051343,0.0016080772688095164,0.7919309832363786
0.6116116116116116,0.7928517065661538,0.0016203453853245837,0.791158161521353
0.6126126126126126,0.7921487928478825,0.0016328228904665275,0.7903833164154903
0.6136136136136137,0.7914447694621742,0.001645510442240728,0.7896064419620973
0.6146146146146146,0.7907396373239806,0.0016584086640097295,0.7888275321653833
0.6156156156156156,0.7900333973521754,0.0016715181460198812,0.7880465809901129
0.6166166166166166,0.789326050467622,0.0016848394456992941,0.7872635823612549
0.6176176176176176,0.7886175975955609,0.0016983730892107367,0.7864785301636266
0.6186186186186187,0.7879080396634777,0.0017121195721135057,0.7856914182415333
0.6196196196196196,0.7871973776031211,0.0017260793608855254,0.7849022403984065
0.6206206206206206,0.7864856123482582,0.0017402528932775406,0.7841109903964334
0.6216216216216216,0.785772744837459,0.0017546405798406703,0.7833176619561859
0.6226226226226226,0.7850587760109136,0.0017692428048332195,0.7825222487562429
0.6236236236236237,0.7843437068127912,0.0017840599273481988,0.7817247444328093
0.6246246246246246,0.7836275381910127,0.0017990922817826213,0.7809251425793299
0.6256256256256256,0.7829102710950622,0.0018143401799181622,0.7801234367460989
0.6266266266266266,0.7821919064794258,0.0018298039109067275,0.7793196204398645
0.6276276276276276,0.7814724453011763,0.0018454837427697801,0.7785136871234288
0.6286286286286287,0.7807518885201148,0.0018613799234422682,0.7777056302152439
0.6296296296296297,0.7800302370996235,0.001877492681473692,0.7768954430890012
0.6306306306306306,0.7793074920064385,0.0018938222270494518,0.7760831190732169
0.6316316316316316,0.7785836542102516,0.0019103687533114635,0.7752686514508135
0.6326326326326326,0.7778587246844779,0.0019271324365460365,0.7744520334586931
0.6336336336336337,0.7771327044050906,0.0019441134380463589,0.773633258287309
0.6346346346346347,0.7764055943510755,0.0019613119040085363,0.7728123190802304
0.6356356356356356,0.7756773955049994,0.0019787279671128833,0.771989208933701
0.6366366366366366,0.7749481088535504,0.0019963617469893483,0.7711639208961938
0.6376376376376376,0.7742177353850366,0.0020142133514516806,0.7703364479679594
0.6386386386386387,0.7734862760918304,0.0020322828765940797,0.7695067831005691
0.6396396396396397,0.7727537319690612,0.0020505704085257144,0.7686749191964519
0.6406406406406406,0.7720201040153256,0.0020690760229648063,0.7678408491084266
0.6416416416416416,0.7712853932326595,0.002087799787209939,0.7670045656392269
0.6426426426426426,0.770549600625543,0.002106741759676045,0.7661660615410218
0.6436436436436437,0.7698127272024067,0.002125901991687927,0.7653253295149287
0.6446446446446447,0.7690747739741539,0.0021452805271200415,0.7644823622105221
0.6456456456456456,0.768335741956264,0.0021648774036563427,0.7636371522253337
0.6466466466466466,0.7675956321650688,0.002184692653433723,0.7627896921043485
0.6476476476476476,0.7668544456219024,0.0022047263032063565,0.7619399743394938
0.6486486486486487,0.7661121833503444,0.0022249783752327505,0.7610879913691202
0.6496496496496497,0.7653688463780668,0.0022454488876524205,0.7602337355774785
0.6506506506506506,0.7646244357358967,0.002266137855240358,0.759377199294188
0.6516516516516516,0.7638789524558263,0.002287045289592038,0.758518374793699
0.6526526526526526,0.7631323975753901,0.0023081711999042845,0.7576572542947477
0.6536536536536537,0.7623847721342827,0.002329515593169604,0.7567938299598044
0.6546546546546547,0.7616360771751545,0.0023510784746937196,0.7559280938945151
0.6556556556556556,0.7608863137442654,0.0023728598486344333,0.7550600381471346
0.6566566566566566,0.7601354828908597,0.002394859718304486,0.7541896547079532
0.6576576576576576,0.7593835856672513,0.0024170780864133322,0.7533169355087161
0.6586586586586587,0.758630623129136,0.0024395149557063034,0.752441872422034
0.6596596596596597,0.7578765963349667,0.0024621703290281876,0.7515644572607874
0.6606606606606606,0.7571215063466354,0.0024850442097406633,0.7506846817775219
0.6616616616616616,0.756365354228592,0.0025081366020501443,0.7498025376638364
0.6626626626626626,0.7556081410498621,0.0025314475113607003,0.7489180165497624
0.6636636636636637,0.7548498678814326,0.0025549769443022168,0.7480311100031358
0.6646646646646647,0.7540905357969052,0.002578724909336697,0.74714180952896
0.6656656656656657,0.7533301458745711,0.0026026914165830296,0.7462501065687605
0.6666666666666666,0.7525686991946259,0.0026268764783887637,0.7453559924999299
0.6676676676676676,0.7518061968409597,0.002651280109240142,0.744459458635067
0.6686686686686687,0.751042639900561,0.002675902326421176,0.7435604962213028
0.6696696696696697,0.7502780294628906,0.0027007431495855005,0.7426590964396218
0.6706706706706707,0.7495123666213601,0.002725802601325999,0.7417552504041699
0.6716716716716716,0.7487456524723655,0.0027510807071250425,0.7408489491615563
0.6726726726726726,0.7479778881147183,0.002776577495923765,0.7399401836901436
0.6736736736736737,0.7472090746510958,0.0028022929994680587,0.7390289448993297
0.6746746746746747,0.7464392131874433,0.002828227253296002,0.7381152236288192
0.6756756756756757,0.7456683048318382,0.002854380296228634,0.7371990106478842
0.6766766766766766,0.7448963506962514,0.002880752170712987,0.7362802966546155
0.6776776776776777,0.7441233518951265,0.0029073429230661928,0.7353590722751637
0.6786786786786787,0.743349309546744,0.00293415260322918,0.7344353280629703
0.6796796796796797,0.7425742247721416,0.002961181264960724,0.733509054497985
0.6806806806806807,0.7417980986957105,0.002988428965998312,0.7325802419858765
0.6816816816816816,0.7410209324438313,0.0030158957681508313,0.7316488808572282
0.6826826826826827,0.7402427271472334,0.003043581737235986,0.7307149613667258
0.6836836836836837,0.7394634839394598,0.0030714869430167476,0.7297784736923313
0.6846846846846847,0.7386832039568674,0.003099611459584735,0.7288394079344461
0.6856856856856857,0.7379018883387971,0.0031279553650441993,0.7278977541150619
0.6866866866866866,0.7371195382280007,0.0031565187417714018,0.7269535021769
0.6876876876876877,0.7363361547699583,0.0031853016762375037,0.7260066419825381
0.6886886886886887,0.7355517391135322,0.0032143042592338612,0.7250571633135241
0.6896896896896897,0.7347662924105975,0.0032435265858071255,0.7241050558694778
0.6906906906906907,0.7339798158162125,0.0032729687551595536,0.723150309267179
0.6916916916916916,0.7331923104875102,0.0033026308707184916,0.7221929130396433
0.6926926926926927,0.7324037775865406,0.0033325130402979265,0.7212328566351832
0.6936936936936937,0.7316142182766043,0.003362615375718913,0.7202701294164571
0.6946946946946947,0.7308236337250662,0.003392937993362255,0.7193047206595026
0.6956956956956957,0.7300320251017354,0.0034234810133580845,0.7183366195527567
0.6966966966966966,0.729239393580059,0.0034542445605660176,0.7173658151960624
0.6976976976976977,0.7284457403364684,0.0034852287636199784,0.7163922965996576
0.6986986986986987,0.7276510665501519,0.0035164337553138547,0.7154160526831537
0.6996996996996997,0.7268553734028842,0.003547859672853564,0.7144370722744936
0.7007007007007007,0.7260586620806748,0.003579506657362971,0.7134553441088988
0.7017017017017017,0.7252609337720344,0.0036113748539959643,0.7124708568277976
0.7027027027027027,0.7244621896675767,0.003643464412069466,0.7114835989777396
0.7037037037037037,0.7236624309619515,0.003675775484853481,0.7104935590092918
0.7047047047047047,0.7228616588530485,0.0037083082295480485,0.7095007252759189
0.7057057057057057,0.7220598745411166,0.0037410628072874976,0.708505086032847
0.7067067067067067,0.7212570792296731,0.0037740393832439156,0.7075066294359091
0.7077077077077077,0.7204532741250205,0.0038072381262113813,0.7065053435403739
0.7087087087087087,0.7196484604368152,0.0038406592091044466,0.7055012162997557
0.7097097097097097,0.7188426393780674,0.0038743028082955447,0.7044942355646067
0.7107107107107107,0.7180358121634356,0.003908169104048544,0.7034843890812905
0.7117117117117117,0.7172279800118417,0.003942258280349474,0.7024716644907362
0.7127127127127127,0.7164191441447372,0.003976570524700789,0.7014560493271736
0.7137137137137137,0.7156093057870407,0.004011106028269051,0.7004375310168488
0.7147147147147147,0.7147984661654903,0.004045864985775034,0.699416096876719
0.7157157157157157,0.713986626511371,0.004080847595413595,0.6983917341131272
0.7167167167167167,0.7131737880578726,0.004116054058869064,0.697364429820456
0.7177177177177178,0.7123599520416519,0.00415148458124673,0.6963341709797606
0.7187187187187187,0.7115451197014693,0.004187139370859075,0.695300944457379
0.7197197197197197,0.7107292922808597,0.004223018639440739,0.6942647370035209
0.7207207207207207,0.7099124710243245,0.00425912260206317,0.6932255352508337
0.7217217217217217,0.7090946571806285,0.004295451476921576,0.6921833257129456
0.7227227227227228,0.708275852000952,0.004332005485232491,0.691138094782985
0.7237237237237237,0.707456056739943,0.0043687848515532824,0.6900898287320769
0.7247247247247247,0.7066352726542391,0.004405789803415362,0.689038513707813
0.7257257257257257,0.7058135010048829,0.004443020571285525,0.6879841357326989
0.7267267267267267,0.704990743054168,0.004480477388787048,0.6869266807025751
0.7277277277277278,0.7041670000693045,0.004518160492194803,0.6858661343850112
0.7287287287287287,0.7033422733182988,0.004556070120781619,0.6848024824176756
0.7297297297297297,0.7025165640738464,0.0045942065166861565,0.6837357103066767
0.7307307307307307,0.701689873610519,0.00463256992477305,0.6826658034248767
0.7317317317317317,0.7008622032067535,0.004671160592580947,0.6815927470101785
0.7327327327327328,0.7000335541427773,0.004709978770353519,0.6805165261637822
0.7337337337337337,0.6992039277030813,0.004749024710938322,0.6794371258484145
0.7347347347347347,0.6983733251732929,0.004788298669746531,0.6783545308865262
0.7357357357357357,0.6975417478439851,0.004827800904827658,0.67726872595846
0.7367367367367368,0.6967091970076353,0.00486753167653953,0.6761796956005883
0.7377377377377378,0.6958756739591649,0.004907491247786661,0.6750874242034174
0.7387387387387387,0.695041179997304,0.0049476798837852776,0.6739918960096609
0.7397397397397397,0.6942057164232551,0.0049880978521717355,0.6728930951122787
0.7407407407407407,0.6933692845413475,0.0050287454228610945,0.6717910054524836
0.7417417417417418,0.692531885658525,0.005069622868042163,0.6706856108177118
0.7427427427427428,0.691693521084801,0.005110730461877823,0.6695768948395605
0.7437437437437437,0.6908541921331164,0.005152068481155513,0.6684648409916863
0.7447447447447447,0.6900139001192258,0.005193637204333822,0.66734943258767
0.7457457457457457,0.6891726463621239,0.0052354369121809146,0.6662306527788417
0.7467467467467468,0.6883304321830508,0.0052774678874450585,0.6651084845520692
0.7477477477477478,0.6874872589065149,0.005319730414893988,0.6639829107275055
0.7487487487487487,0.6866431278595826,0.005362224781102512,0.6628539139562979
0.7497497497497497,0.6857980403731574,0.005404951274864972,0.6617214767182547
0.7507507507507507,0.6849519977795069,0.005447910186506799,0.6605855813194715
0.7517517517517518,0.684105001415162,0.005491101808389574,0.6594462098899141
0.7527527527527528,0.6832570526188704,0.005534526434568728,0.6583033443809572
0.7537537537537538,0.682408152731881,0.005578184360873907,0.6571569665628796
0.7547547547547547,0.6815583030992229,0.005622075884865873,0.6560070580223127
0.7557557557557557,0.6807075050681703,0.005666201305813768,0.6548536001596437
0.7567567567567568,0.6798557599884987,0.005710560924526395,0.6536965741863688
0.7577577577577578,0.6790030692145308,0.005755155043402365,0.6525359611224008
0.7587587587587588,0.6781494341005896,0.005799983966582088,0.6513717417933232
0.7597597597597597,0.6772948560064265,0.005845047999550301,0.6502038968275968
0.7607607607607607,0.6764393362938677,0.005890347449349441,0.6490324066537114
0.7617617617617618,0.6755828763263025,0.005935882624436231,0.6478572514972853
0.7627627627627628,0.6747254774719522,0.005981653834794339,0.6466784113781109
0.7637637637637638,0.6738671411007147,0.006027661391608042,0.6454958661071422
0.7647647647647647,0.6730078685852448,0.006073905607653483,0.6443095952834275
0.7657657657657657,0.6721476613016364,0.006120386796854945,0.643119578290982
0.7667667667667668,0.6712865206281151,0.006167105274436302,0.6419257942956013
0.7677677677677678,0.6704244479458907,0.006214061356912918,0.640728222241614
0.7687687687687688,0.669561444639811,0.006261255361994359,0.6395268408485693
0.7697697697697697,0.6686975120958323,0.0063086876087457815,0.6383216286078638
0.7707707707707707,0.6678326517051687,0.006356358417121166,0.6371125637792996
0.7717717717717718,0.6669668648589493,0.0064042681083140394,0.6358996243875759
0.7727727727727728,0.6661001529531063,0.006452417004790722,0.6346827882187136
0.7737737737737738,0.6652325173857889,0.0065008054299113705,0.6334620328164055
0.7747747747747747,0.6643639595579032,0.006549433707948459,0.6322373354782973
0.7757757757757757,0.6634944808733962,0.006598302164499198,0.6310086732521933
0.7767767767767768,0.6626240827379775,0.0066474111259854805,0.6297760229321862
0.7777777777777778,0.6617527665622163,0.006696760919854798,0.6285393610547089
0.7787787787787788,0.6608805337566537,0.006746351874294438,0.6272986638945072
0.7797797797797797,0.6600073857372593,0.0067961843186681815,0.6260539074605302
0.7807807807807807,0.6591333239207415,0.0068462585829521735,0.6248050674917374
0.7817817817817818,0.6582583497283281,0.006896574998273309,0.6235521194528189
0.7827827827827828,0.657382464581957,0.006947133896368869,0.62229503852983
0.7837837837837838,0.6565056699081424,0.006997935609679753,0.6210337996257328
0.7847847847847848,0.6556279671351888,0.007048980471848687,0.6197683773558467
0.7857857857857857,0.6547493576944703,0.007100268816726503,0.6184987460432035
0.7867867867867868,0.6538698430200895,0.007151800979361081,0.6172248797138068
0.7877877877877878,0.6529894245486503,0.007203577295178681,0.6159467520917887
0.7887887887887888,0.6521081037196268,0.007255598100523339,0.6146643365944665
0.7897897897897898,0.6512258819754209,0.00730786373220046,0.6133776063272931
0.7907907907907907,0.6503427607605943,0.007360374527816163,0.6120865340787002
0.7917917917917918,0.6494587415230342,0.0074131308254427805,0.6107910923148304
0.7927927927927928,0.6485738257131857,0.00746613296383339,0.6094912531741566
0.7937937937937938,0.6476880147843644,0.007519381282361082,0.6081869884619828
0.7947947947947948,0.6468013101912504,0.007572876120916333,0.6068782696448276
0.7957957957957957,0.6459137133938953,0.0076266178197864345,0.6055650678446836
0.7967967967967968,0.6450252258516684,0.00768060671984316,0.6042473538331501
0.7977977977977978,0.6441358490299649,0.007734843162636071,0.6029250980254381
0.7987987987987988,0.6432455843945775,0.007789327489875727,0.6015982704742394
0.7997997997997998,0.6423544334148232,0.007844060043914662,0.6002668408634615
0.8008008008008007,0.6414623975628047,0.007899041167491237,0.5989307785018201
0.8018018018018018,0.6405694783128126,0.007954271203811718,0.5975900523162883
0.8028028028028028,0.6396756771423213,0.008009750496337545,0.5962446308453972
0.8038038038038038,0.6387809955312491,0.008065479388932054,0.594894482232384
0.8048048048048048,0.6378854349618734,0.008121458225987208,0.5935395742181814
0.8058058058058059,0.6369889969199107,0.00817768735202209,0.5921798741342498
0.8068068068068068,0.6360916828929817,0.008234167112066058,0.5908153488952398
0.8078078078078078,0.6351934943712934,0.008290897851262705,0.5894459649914857
0.8088088088088088,0.6342944328487476,0.008347879915181223,0.5880716884813244
0.8098098098098098,0.6333944998208096,0.00840511364959312,0.5866924849832318
0.8108108108108109,0.6324936967857582,0.008462599400546309,0.5853083196677761
0.8118118118118118,0.6315920252452258,0.008520337514299153,0.5839191572493776
0.8128128128128128,0.6306894867023232,0.008578328337463985,0.5825249619778737
0.8138138138138138,0.6297860826634292,0.00863657221662398,0.5811256976298804
0.8148148148148148,0.6288818146380777,0.008695069498795128,0.5797213274999455
0.8158158158158159,0.6279766841374226,0.008753820530981716,0.5783118143914879
0.8168168168168168,0.6270706926757157,0.00881282566044219,0.5768971206075159
0.8178178178178178,0.6261638417700794,0.00887208523461891,0.5754772079411161
0.8188188188188188,0.6252561329390005,0.008931599600939921,0.5740520376657106
0.8198198198198198,0.624347567705712,0.008991369107085303,0.5726215705250705
0.8208208208208209,0.6234381475940722,0.009051394100917749,0.571185766723081
0.8218218218218218,0.6225278741314639,0.00911167493008057,0.5697445859132508
0.8228228228228228,0.6216167488477424,0.00917221194268265,0.5682979871879554
0.8238238238238238,0.6207047732746958,0.009233005486519359,0.5668459290674083
0.8248248248248248,0.6197919489479204,0.009294055909745379,0.5653883694883519
0.8258258258258259,0.618878277404491,0.009355363560328404,0.5639252657924565
0.8268268268268268,0.6179637601849493,0.00941692878639054,0.5624565747144223
0.8278278278278278,0.617048398831372,0.00947875193614392,0.56098225236977
0.8288288288288288,0.6161321948891896,0.009540833357537717,0.5595022542423149
0.8298298298298298,0.6152151499063052,0.00960317339878005,0.5580165351713117
0.8308308308308309,0.61429726543264,0.009665772407840292,0.5565250493382586
0.8318318318318318,0.6133785430210992,0.009728630732860571,0.5550277502533536
0.8328328328328328,0.6124589842274588,0.009791748721740639,0.5535245907415847
0.8338338338338338,0.6115385906091149,0.00985512672242012,0.5520155229284504
0.8348348348348348,0.6106173637272434,0.009918765082786106,0.5505004982252915
0.8358358358358359,0.6096953051437026,0.009982664150573011,0.5489794673142245
0.8368368368368369,0.6087724164249835,0.010046824273437482,0.5474523801326626
0.8378378378378378,0.6078486991383159,0.01011124579910173,0.5459191858574096
0.8388388388388388,0.6069241548543971,0.01017592907491307,0.5443798328883139
0.8398398398398398,0.6059987851464541,0.010240874448265685,0.5428342688314659
0.8408408408408409,0.6050725915904707,0.010306082266354662,0.5412824404819241
0.8418418418418419,0.604145575763539,0.010371552876206827,0.5397242938059535
0.8428428428428428,0.6032177392466735,0.010437286624758244,0.5381597739227589
0.8438438438438438,0.6022890836228214,0.01050328385877546,0.5365888250856949
0.8448448448448448,0.6013596104774876,0.010569544924900443,0.5350113906629373
0.8458458458458459,0.6004293213987353,0.010636070169422383,0.5334274131175915
0.8468468468468469,0.5994982179766453,0.01070285993856625,0.5318368339872231
0.8478478478478478,0.5985663018044249,0.010769914578389172,0.5302395938627864
0.8488488488488488,0.5976335744774701,0.010837234434537189,0.5286356323669303
0.8498498498498498,0.596700037593564,0.010904819852743998,0.527024888131659
0.8508508508508509,0.5957656927530479,0.010972671178258996,0.5254072987753245
0.8518518518518519,0.5948305415584798,0.01104078875626166,0.5237828008789241
0.8528528528528528,0.5938945856150895,0.011109172931506196,0.522151329961679
0.8538538538538538,0.592957826531034,0.011177824048748928,0.520512820455867
0.8548548548548548,0.5920202659153802,0.01124674245213341,0.5188672056808805
0.8558558558558559,0.5910819053817988,0.011315928485853789,0.5172144178164801
0.8568568568568569,0.5901427465445579,0.011385382493692132,0.5155543878752152
0.8578578578578578,0.5892027910207958,0.0114551048191201,0.5138870456739763
0.8588588588588588,0.5882620404310615,0.011525095805392153,0.5122123198046478
0.8598598598598598,0.5873204963965293,0.011595355795400789,0.5105301376038267
0.8608608608608609,0.5863781605428358,0.01166588513170831,0.5088404251215675
0.8618618618618619,0.5854350344964416,0.011736684156620034,0.5071431070891184
0.8628628628628628,0.5844911198866782,0.01180775321207153,0.5054381068856051
0.8638638638638638,0.5835464183457475,0.011879092639762888,0.5037253465036237
0.8648648648648649,0.5826009315071587,0.011950702780832998,0.5020047465136948
0.8658658658658659,0.5816546610083719,0.012022583976325791,0.500276226027536
0.8668668668668669,0.5807076084878418,0.012094736566813756,0.49853970266010084
0.8678678678678678,0.5797597755867514,0.012167160892463686,0.4967950924903356
0.8688688688688688,0.5788111639488704,0.012239857293140971,0.49504231002060056
0.8698698698698699,0.5778617752203843,0.012312826108383988,0.49328126813469775
0.8708708708708709,0.5769116110495531,0.012386067677249429,0.49151187805444835
0.8718718718718719,0.5759606730874793,0.01245958233840371,0.4897340492947557
0.8728728728728729,0.5750089629875674,0.012533370430184642,0.48794768961709156
0.8738738738738738,0.5740564824035346,0.012607432290568495,0.4861527049813349
0.8748748748748749,0.5731032329956065,0.012681768256923766,0.4843489994958924
0.8758758758758759,0.5721492164224742,0.01275637866642634,0.4825364753660258
0.8768768768768769,0.5711944343466939,0.012831263855806978,0.4807150328403039
0.8778778778778779,0.5702388884332663,0.012906424161185,0.47888457015509883
0.8788788788788788,0.5692825803493236,0.012981859918459451,0.47704498347703544
0.8798798798798799,0.5683255117643,0.01305757146298104,0.47519616684330274
0.8808808808808809,0.5673676843497333,0.013133559129687718,0.47333801209972914
0.8818818818818819,0.566409099779861,0.013209823253017117,0.4714704088365149
0.8828828828828829,0.5654497597311945,0.013286364167110352,0.4695932443215189
0.8838838838838838,0.5644896658820358,0.013363182205394064,0.46770640343097825
0.8848848848848849,0.5635288199137278,0.0134402777010566,0.46580976857754275
0.8858858858858859,0.5625672235089212,0.01351765098666201,0.46390321963549586
0.8868868868868869,0.5616048783533927,0.013595302394422403,0.46198663386302236
0.8878878878878879,0.5606417861351929,0.013673232256107897,0.4600598858213847
0.8888888888888888,0.5596779485437082,0.013751440902656908,0.45812284729085123
0.8898898898898899,0.5587133672717925,0.013829928664907575,0.45617538718321876
0.8908908908908909,0.5577480440137208,0.013908695873087231,0.4542173714507567
0.8918918918918919,0.5567819804663685,0.013987742856811225,0.45224866299139216
0.8928928928928929,0.5558151783288992,0.01406706994525158,0.4502691215499471
0.8938938938938938,0.5548476393024373,0.014146677467139171,0.4482786036152206
0.8948948948948949,0.5538793650904381,0.01422656575052398,0.4462769623127044
0.8958958958958959,0.5529103573991421,0.014306735123133216,0.4442640472926996
0.8968968968968969,0.5519406179359976,0.014387185912053924,0.44223970461359197
0.8978978978978979,0.5509701484114231,0.014467918443740844,0.44020377662002874
0.8988988988988988,0.549998950538324,0.01454893304442476,0.43815610181571957
0.8998998998998999,0.5490270260305863,0.01463023003938423,0.4360965147305698
0.9009009009009009,0.5480543766053785,0.014711809753626312,0.4340248457818343
0.9019019019019019,0.5470810039820719,0.01479367251169312,0.4319409211289573
0.9029029029029029,0.5461069098813169,0.014875818637146399,0.42984456252174597
0.9039039039039038,0.5451320960270749,0.014958248453460858,0.4277355871414982
0.9049049049049049,0.5441565641444868,0.01504096228328649,0.42561380743468014
0.9059059059059059,0.543180315962303,0.015123960448737156,0.423479030938723
0.9069069069069069,0.5422033532094872,0.015207243271472735,0.42133106009947446
0.9079079079079079,0.5412256776183995,0.015290811072390213,0.41916969207981375
0.9089089089089089,0.5402472909239009,0.015374664172007328,0.41699471855890075
0.9099099099099099,0.5392681948615348,0.015458802890025894,0.4148059255214896
0.9109109109109109,0.5382883911706102,0.015543227545734364,0.4126030930367034
0.9119119119119119,0.5373078815924401,0.01562793845784692,0.41038599502561174
0.9129129129129129,0.5363266678687921,0.01571293594430895,0.4081543990169165
0.9139139139139139,0.5353447517452139,0.015798220322643018,0.4059080658899885
0.914914914914915,0.5343621349689869,0.015883791909689672,0.4036467496044456
0.9159159159159159,0.5333788192892825,0.015969651021593048,0.40137019691540227
0.9169169169169169,0.5323948064578019,0.016055797974084362,0.39907814707344685
0.9179179179179179,0.5314100982277807,0.016142233082089313,0.39677033150833574
0.9189189189189189,0.5304246963554249,0.016228956660042457,0.3944464734953089
0.91991991991992,0.5294386025973807,0.016315969021691565,0.3921062878028456
0.9209209209209209,0.5284518187149558,0.016403270480192533,0.38974948032058093
0.9219219219219219,0.5274643464691735,0.016490861348016292,0.3873757476659965
0.9229229229229229,0.5264761876243256,0.016578741937039537,0.38498477676839193
0.9239239239239239,0.525487343946395,0.01666691255850286,0.38257624442850524
0.924924924924925,0.5244978172039794,0.016755373522976867,0.3801498168520168
0.9259259259259259,0.5235076091672823,0.016844125140428386,0.377705149155021
0.9269269269269269,0.5225167216083122,0.016933167720173222,0.37524188483937065
0.9279279279279279,0.5215251563017347,0.01702250157079464,0.3727596552356254
0.9289289289289289,0.5205329150236935,0.01711212700031429,0.3702580789111197
0.92992992992993,0.5195399995537144,0.01720204431611588,0.3677367610404426
0.9309309309309309,0.5185464116711671,0.01729225382479429,0.3651952927353669
0.9319319319319319,0.5175521531590448,0.01738275583239271,0.36263325033098803
0.9329329329329329,0.5165572258028419,0.01747355064427991,0.3600501946245215
0.933933933933934,0.515561631387655,0.017564638565063007,0.35744567006285893
0.934934934934935,0.5145653717037391,0.0176560198987137,0.3548192038746056
0.9359359359359359,0.5135684485405108,0.01774769494864695,0.35217030514187825
0.9369369369369369,0.5125708636916784,0.01783966401737728,0.34949846380668154
0.9379379379379379,0.5115726189512628,0.0179319274069008,0.3468031496061259
0.938938938938939,0.5105737161165536,0.018024485418566796,0.3440838109301561
0.93993993993994,0.5095741569861332,0.018117338352855217,0.3413398735947824
0.9409409409409409,0.5085739433603322,0.01821048650970376,0.3385707395230378
0.9419419419419419,0.5075730770421529,0.01830393018827309,0.335775785325034
0.9429429429429429,0.5065715598363738,0.018397669687015054,0.3329543607675111
0.943943943943944,0.5055693935493366,0.018491705303741918,0.3301057871221774
0.944944944944945,0.5045665799898984,0.01858603733553833,0.3272293553808933
0.9459459459459459,0.5035631209687779,0.018680666078812747,0.32432432432432434
0.9469469469469469,0.5025590182981858,0.018775591829193698,0.32138991842908843
0.9479479479479479,0.5015542737927063,0.018870814881649902,0.31842532559655917
0.948948948948949,0.5005488892686998,0.018966335530387415,0.31542969468438614
0.94994994994995,0.4995428665446866,0.01906215406903242,0.3124021328193641
0.950950950950951,0.49853620744077887,0.01915827079027554,0.3093417024674851
0.9519519519519519,0.4975289137795329,0.01925468598616406,0.3062474182338009
0.9529529529529529,0.49652098738469874,0.01935139994820771,0.30311824336098137
0.953953953953954,0.4955124300824707,0.019448412966879103,0.2999530858911397
0.954954954954955,0.49450324370094734,0.019545725332120418,0.2967507944504613
0.955955955955956,0.49349343006981883,0.019643337333097546,0.29351015361028726
0.9569569569569569,0.49248299102123383,0.019741249258256894,0.29022987877143336
0.9579579579579579,0.49147192838809417,0.019839461395181994,0.286908610510419
0.958958958958959,0.4904602440063002,0.01993797403095006,0.28354490831674195
0.95995995995996,0.48944793971411116,0.020036787451677467,0.2801372436390279
0.960960960960961,0.48843501734963013,0.020135901942795537,0.27668399214444345
0.9619619619619619,0.4874214787547686,0.020235317789071446,0.27318342507973076
0.9629629629629629,0.4864073257721344,0.020335035274418423,0.26963369960298245
0.963963963963964,0.48539256024713495,0.020435054682051233,0.2660328479321332
0.964964964964965,0.48437718402576024,0.020535376294361474,0.2623787651281328
0.965965965965966,0.4833611989573683,0.020636000393103322,0.2586691952966922
0.9669669669669669,0.4823446068919708,0.020736927259156417,0.2549017159508831
0.9679679679679679,0.48132740968233634,0.020838157172692634,0.2510737202256801
0.968968968968969,0.48030960918147514,0.02093969041308634,0.24718239657227453
0.96996996996997,0.47929120724654695,0.02104152725902261,0.24322470548128025
0.970970970970971,0.47827220573472573,0.02114366798826898,0.23919735268537112
0.9719719719719719,0.47725260650501866,0.021246112877997384,0.23509675816760253
0.9729729729729729,0.47623241141987194,0.02134886220450933,0.23091902014371737
0.973973973973974,0.4752116223417744,0.021451916243310627,0.22665987298448892
0.974974974974975,0.47419024113584385,0.02155527526913264,0.22231463778291105
0.975975975975976,0.473168269669074,0.02165893955592741,0.2178781639305353
0.9769769769769769,0.4721457098092543,0.02176290937699061,0.21334475961909036
0.9779779779779779,0.47112256342757064,0.021867185004672364,0.20870810858734207
0.978978978978979,0.470098832395621,0.02197176671060682,0.203961169631074
0.97997997997998,0.46907451858693605,0.02207665476562099,0.19909605430153057
0.980980980980981,0.46804962387739124,0.02218184943973643,0.1941038767093338
0.9819819819819819,0.467024150144411,0.0222873510021884,0.18897456723786527
0.9829829829829829,0.4659980992673951,0.022393159721489277,0.18369663896184016
0.983983983983984,0.4649714731266812,0.02249927586526081,0.178256891207624
0.984984984984985,0.46394427360485224,0.022605699700380674,0.17264002824990776
0.985985985985986,0.4629165025861255,0.022712431492792614,0.16682816140940668
0.986986986986987,0.4618881619567503,0.022819471507859675,0.1608001477559932
0.9879879879879879,0.46085925360435454,0.022926820009978883,0.1545306946578815
0.988988988988989,0.4598297794185129,0.023034477262818914,0.14798912006812298
0.98998998998999,0.45879974129017853,0.023142443529117148,0.14113759144756416
0.990990990990991,0.4577691411119673,0.023250719071055463,0.13392854727313971
0.991991991991992,0.45673798077909566,0.023359304149653797,0.1263007831478482
0.992992992992993,0.4557062621871353,0.023468199025363345,0.11817324513957335
0.993993993993994,0.4546739872342016,0.02357740395782647,0.10943463758731878
0.994994994994995,0.45364115781968906,0.02368691920566918,0.09992477137782146
0.995995995995996,0.4526077758451379,0.023796745026973577,0.08939785209916366
0.996996996996997,0.45157384321349525,0.023906881678704205,0.07744022197133787
0.997997997997998,0.4505393618290441,0.02401732941718802,0.06324552151724151
0.998998998998999,0.4495043335980142,0.02412808849792106,0.044732538481489545
1.0,0.4484687604285966,0.024239159175437786,0.0
